Gender,Married,Dependents,Education,Self_Employed,ApplicantIncome,CoapplicantIncome,LoanAmount,Loan_Amount_Term,Credit_History,Property_Area,TotalIncome,EMI,Income_to_Loan,Loan_Status
1,0,0,0,0,5849,0.0,128.0,360.0,1.0,2,5849.0,0.35555555555555557,45.6953125,1
1,1,1,0,0,4583,1508.0,128.0,360.0,1.0,0,6091.0,0.35555555555555557,47.5859375,0
1,1,0,0,1,3000,0.0,66.0,360.0,1.0,2,3000.0,0.18333333333333332,45.45454545454545,1
1,1,0,1,0,2583,2358.0,120.0,360.0,1.0,2,4941.0,0.3333333333333333,41.175,1
1,0,0,0,0,6000,0.0,141.0,360.0,1.0,2,6000.0,0.39166666666666666,42.5531914893617,1
1,1,2,0,1,5417,4196.0,267.0,360.0,1.0,2,9613.0,0.7416666666666667,36.00374531835206,1
1,1,0,1,0,2333,1516.0,95.0,360.0,1.0,2,3849.0,0.2638888888888889,40.51578947368421,1
1,1,3,0,0,3036,2504.0,158.0,360.0,0.0,1,5540.0,0.4388888888888889,35.063291139240505,0
1,1,2,0,0,4006,1526.0,168.0,360.0,1.0,2,5532.0,0.4666666666666667,32.92857142857143,1
1,1,1,0,0,12841,10968.0,349.0,360.0,1.0,1,23809.0,0.9694444444444444,68.22063037249283,0
1,1,2,0,0,3200,700.0,70.0,360.0,1.0,2,3900.0,0.19444444444444445,55.714285714285715,1
1,1,2,0,0,2500,1840.0,109.0,360.0,1.0,2,4340.0,0.30277777777777776,39.81651376146789,1
1,1,2,0,0,3073,8106.0,200.0,360.0,1.0,2,11179.0,0.5555555555555556,55.895,1
1,0,0,0,0,1853,2840.0,114.0,360.0,1.0,0,4693.0,0.31666666666666665,41.166666666666664,0
1,1,2,0,0,1299,1086.0,17.0,120.0,1.0,2,2385.0,0.14166666666666666,140.2941176470588,1
1,0,0,0,0,4950,0.0,125.0,360.0,1.0,2,4950.0,0.3472222222222222,39.6,1
1,0,1,1,0,3596,0.0,100.0,240.0,1.0,2,3596.0,0.4166666666666667,35.96,1
0,0,0,0,0,3510,0.0,76.0,360.0,0.0,2,3510.0,0.2111111111111111,46.18421052631579,0
1,1,0,1,0,4887,0.0,133.0,360.0,1.0,0,4887.0,0.36944444444444446,36.744360902255636,0
1,1,0,0,0,2600,3500.0,115.0,360.0,1.0,2,6100.0,0.3194444444444444,53.04347826086956,1
1,1,0,1,0,7660,0.0,104.0,360.0,0.0,2,7660.0,0.28888888888888886,73.65384615384616,0
1,1,1,0,0,5955,5625.0,315.0,360.0,1.0,2,11580.0,0.875,36.76190476190476,1
1,1,0,1,0,2600,1911.0,116.0,360.0,0.0,1,4511.0,0.32222222222222224,38.88793103448276,0
1,1,2,1,0,3365,1917.0,112.0,360.0,0.0,0,5282.0,0.3111111111111111,47.160714285714285,0
1,1,1,0,0,3717,2925.0,151.0,360.0,1.0,1,6642.0,0.41944444444444445,43.98675496688742,0
1,1,0,0,1,9560,0.0,191.0,360.0,1.0,1,9560.0,0.5305555555555556,50.05235602094241,1
1,1,0,0,0,2799,2253.0,122.0,360.0,1.0,1,5052.0,0.3388888888888889,41.40983606557377,1
1,1,2,1,0,4226,1040.0,110.0,360.0,1.0,2,5266.0,0.3055555555555556,47.872727272727275,1
1,0,0,1,0,1442,0.0,35.0,360.0,1.0,2,1442.0,0.09722222222222222,41.2,0
0,0,2,0,0,3750,2083.0,120.0,360.0,1.0,1,5833.0,0.3333333333333333,48.608333333333334,1
1,1,1,0,0,4166,3369.0,201.0,360.0,1.0,2,7535.0,0.5583333333333333,37.48756218905473,0
1,0,0,0,0,3167,0.0,74.0,360.0,1.0,2,3167.0,0.20555555555555555,42.7972972972973,0
1,0,1,0,1,4692,0.0,106.0,360.0,1.0,0,4692.0,0.29444444444444445,44.264150943396224,0
1,1,0,0,0,3500,1667.0,114.0,360.0,1.0,1,5167.0,0.31666666666666665,45.324561403508774,1
1,0,3,0,0,12500,3000.0,320.0,360.0,1.0,0,15500.0,0.8888888888888888,48.4375,0
1,1,0,0,0,2275,2067.0,128.0,360.0,1.0,2,4342.0,0.35555555555555557,33.921875,1
1,1,0,0,0,1828,1330.0,100.0,360.0,0.0,2,3158.0,0.2777777777777778,31.58,0
0,1,0,0,0,3667,1459.0,144.0,360.0,1.0,1,5126.0,0.4,35.59722222222222,1
1,0,0,0,0,4166,7210.0,184.0,360.0,1.0,2,11376.0,0.5111111111111111,61.82608695652174,1
1,0,0,1,0,3748,1668.0,110.0,360.0,1.0,1,5416.0,0.3055555555555556,49.236363636363635,1
1,0,0,0,0,3600,0.0,80.0,360.0,1.0,2,3600.0,0.2222222222222222,45.0,0
1,0,0,0,0,1800,1213.0,47.0,360.0,1.0,2,3013.0,0.13055555555555556,64.1063829787234,1
1,1,0,0,0,2400,0.0,75.0,360.0,1.0,2,2400.0,0.20833333333333334,32.0,1
1,1,0,0,0,3941,2336.0,134.0,360.0,1.0,1,6277.0,0.37222222222222223,46.843283582089555,1
1,1,0,1,1,4695,0.0,96.0,360.0,1.0,2,4695.0,0.26666666666666666,48.90625,1
0,0,0,0,0,3410,0.0,88.0,360.0,1.0,2,3410.0,0.24444444444444444,38.75,1
1,1,1,0,0,5649,0.0,44.0,360.0,1.0,2,5649.0,0.12222222222222222,128.38636363636363,1
1,1,0,0,0,5821,0.0,144.0,360.0,1.0,2,5821.0,0.4,40.423611111111114,1
0,1,0,0,0,2645,3440.0,120.0,360.0,0.0,2,6085.0,0.3333333333333333,50.708333333333336,0
0,0,0,0,0,4000,2275.0,144.0,360.0,1.0,1,6275.0,0.4,43.576388888888886,1
0,1,0,1,0,1928,1644.0,100.0,360.0,1.0,1,3572.0,0.2777777777777778,35.72,1
0,0,0,0,0,3086,0.0,120.0,360.0,1.0,1,3086.0,0.3333333333333333,25.716666666666665,1
0,0,0,0,0,4230,0.0,112.0,360.0,1.0,1,4230.0,0.3111111111111111,37.767857142857146,0
1,1,2,0,0,4616,0.0,134.0,360.0,1.0,2,4616.0,0.37222222222222223,34.44776119402985,0
0,1,1,0,1,11500,0.0,286.0,360.0,0.0,2,11500.0,0.7944444444444444,40.20979020979021,0
1,1,2,0,0,2708,1167.0,97.0,360.0,1.0,1,3875.0,0.26944444444444443,39.94845360824742,1
1,1,0,0,0,2132,1591.0,96.0,360.0,1.0,1,3723.0,0.26666666666666666,38.78125,1
1,1,0,0,0,3366,2200.0,135.0,360.0,1.0,0,5566.0,0.375,41.22962962962963,0
1,1,1,0,0,8080,2250.0,180.0,360.0,1.0,2,10330.0,0.5,57.388888888888886,1
1,1,2,1,0,3357,2859.0,144.0,360.0,1.0,2,6216.0,0.4,43.166666666666664,1
1,1,0,0,0,2500,3796.0,120.0,360.0,1.0,2,6296.0,0.3333333333333333,52.46666666666667,1
1,1,3,0,0,3029,0.0,99.0,360.0,1.0,2,3029.0,0.275,30.595959595959595,1
1,1,0,1,1,2609,3449.0,165.0,180.0,0.0,0,6058.0,0.9166666666666666,36.71515151515152,0
1,1,1,0,0,4945,0.0,128.0,360.0,0.0,0,4945.0,0.35555555555555557,38.6328125,0
0,0,0,0,0,4166,0.0,116.0,360.0,0.0,1,4166.0,0.32222222222222224,35.91379310344828,0
1,1,0,0,0,5726,4595.0,258.0,360.0,1.0,1,10321.0,0.7166666666666667,40.00387596899225,0
1,0,0,1,0,3200,2254.0,126.0,180.0,0.0,2,5454.0,0.7,43.285714285714285,0
1,1,1,0,0,10750,0.0,312.0,360.0,1.0,2,10750.0,0.8666666666666667,34.455128205128204,1
1,1,3,1,1,7100,0.0,125.0,60.0,1.0,2,7100.0,2.0833333333333335,56.8,1
0,0,0,0,0,4300,0.0,136.0,360.0,0.0,1,4300.0,0.37777777777777777,31.61764705882353,0
1,1,0,0,0,3208,3066.0,172.0,360.0,1.0,2,6274.0,0.4777777777777778,36.47674418604651,1
1,1,2,1,1,1875,1875.0,97.0,360.0,1.0,1,3750.0,0.26944444444444443,38.65979381443299,1
1,0,0,0,0,3500,0.0,81.0,300.0,1.0,1,3500.0,0.27,43.20987654320987,1
1,1,3,1,0,4755,0.0,95.0,360.0,0.0,1,4755.0,0.2638888888888889,50.05263157894737,0
1,1,3,0,1,5266,1774.0,187.0,360.0,1.0,1,7040.0,0.5194444444444445,37.64705882352941,1
1,0,0,0,0,3750,0.0,113.0,480.0,1.0,2,3750.0,0.23541666666666666,33.1858407079646,0
1,0,0,0,0,3750,4750.0,176.0,360.0,1.0,2,8500.0,0.4888888888888889,48.29545454545455,0
1,1,1,0,1,1000,3022.0,110.0,360.0,1.0,2,4022.0,0.3055555555555556,36.56363636363636,0
1,1,3,0,0,3167,4000.0,180.0,300.0,0.0,1,7167.0,0.6,39.81666666666667,0
1,1,3,1,1,3333,2166.0,130.0,360.0,1.0,1,5499.0,0.3611111111111111,42.3,1
0,0,0,0,0,3846,0.0,111.0,360.0,1.0,1,3846.0,0.30833333333333335,34.648648648648646,1
1,1,1,0,1,2395,0.0,128.0,360.0,1.0,1,2395.0,0.35555555555555557,18.7109375,1
0,1,2,0,0,1378,1881.0,167.0,360.0,1.0,2,3259.0,0.4638888888888889,19.51497005988024,0
1,1,0,0,0,6000,2250.0,265.0,360.0,1.0,1,8250.0,0.7361111111111112,31.132075471698112,0
1,1,1,0,0,3988,0.0,50.0,240.0,1.0,2,3988.0,0.20833333333333334,79.76,1
1,0,0,0,0,2366,2531.0,136.0,360.0,1.0,1,4897.0,0.37777777777777777,36.00735294117647,1
1,1,2,1,0,3333,2000.0,99.0,360.0,1.0,1,5333.0,0.275,53.86868686868687,1
1,1,0,0,0,2500,2118.0,104.0,360.0,1.0,1,4618.0,0.28888888888888886,44.40384615384615,1
1,0,0,0,0,8566,0.0,210.0,360.0,1.0,2,8566.0,0.5833333333333334,40.79047619047619,1
1,1,0,0,0,5695,4167.0,175.0,360.0,1.0,1,9862.0,0.4861111111111111,56.354285714285716,1
1,1,0,0,0,2958,2900.0,131.0,360.0,1.0,1,5858.0,0.3638888888888889,44.717557251908396,1
1,1,2,0,0,6250,5654.0,188.0,180.0,1.0,1,11904.0,1.0444444444444445,63.319148936170215,1
1,1,2,1,0,3273,1820.0,81.0,360.0,1.0,2,5093.0,0.225,62.876543209876544,1
1,0,0,0,0,4133,0.0,122.0,360.0,1.0,1,4133.0,0.3388888888888889,33.877049180327866,1
1,0,0,1,0,3620,0.0,25.0,120.0,1.0,1,3620.0,0.20833333333333334,144.8,1
1,0,0,0,0,6782,0.0,128.0,360.0,1.0,2,6782.0,0.35555555555555557,52.984375,0
0,1,0,0,0,2484,2302.0,137.0,360.0,1.0,1,4786.0,0.38055555555555554,34.934306569343065,1
1,1,0,0,0,1977,997.0,50.0,360.0,1.0,1,2974.0,0.1388888888888889,59.48,1
1,1,0,1,0,4188,0.0,115.0,180.0,1.0,1,4188.0,0.6388888888888888,36.417391304347824,1
1,1,0,0,0,1759,3541.0,131.0,360.0,1.0,1,5300.0,0.3638888888888889,40.458015267175576,1
1,1,2,1,0,4288,3263.0,133.0,180.0,1.0,2,7551.0,0.7388888888888889,56.774436090225564,1
1,0,0,0,0,4843,3806.0,151.0,360.0,1.0,1,8649.0,0.41944444444444445,57.27814569536424,1
1,1,0,0,0,13650,0.0,128.0,360.0,1.0,2,13650.0,0.35555555555555557,106.640625,1
1,1,0,0,0,4652,3583.0,128.0,360.0,1.0,1,8235.0,0.35555555555555557,64.3359375,1
1,1,0,0,0,3816,754.0,160.0,360.0,1.0,2,4570.0,0.4444444444444444,28.5625,1
1,1,1,0,0,3052,1030.0,100.0,360.0,1.0,2,4082.0,0.2777777777777778,40.82,1
1,1,2,0,0,11417,1126.0,225.0,360.0,1.0,2,12543.0,0.625,55.74666666666667,1
1,0,0,1,0,7333,0.0,120.0,360.0,1.0,0,7333.0,0.3333333333333333,61.108333333333334,0
1,1,2,0,0,3800,3600.0,216.0,360.0,0.0,2,7400.0,0.6,34.25925925925926,0
1,1,3,1,0,2071,754.0,94.0,480.0,1.0,1,2825.0,0.19583333333333333,30.0531914893617,1
1,0,0,0,0,5316,0.0,136.0,360.0,1.0,2,5316.0,0.37777777777777777,39.088235294117645,1
0,1,0,0,0,2929,2333.0,139.0,360.0,1.0,1,5262.0,0.3861111111111111,37.856115107913666,1
1,1,0,1,0,3572,4114.0,152.0,360.0,0.0,0,7686.0,0.4222222222222222,50.56578947368421,0
0,0,1,0,1,7451,0.0,128.0,360.0,1.0,1,7451.0,0.35555555555555557,58.2109375,1
1,0,0,0,0,5050,0.0,118.0,360.0,1.0,1,5050.0,0.3277777777777778,42.79661016949152,1
1,1,1,0,0,14583,0.0,185.0,180.0,1.0,0,14583.0,1.0277777777777777,78.82702702702703,1
0,1,0,0,0,3167,2283.0,154.0,360.0,1.0,1,5450.0,0.42777777777777776,35.38961038961039,1
1,1,1,0,0,2214,1398.0,85.0,360.0,1.0,2,3612.0,0.2361111111111111,42.49411764705882,1
1,1,0,0,0,5568,2142.0,175.0,360.0,1.0,0,7710.0,0.4861111111111111,44.05714285714286,0
0,0,0,0,0,10408,0.0,259.0,360.0,1.0,2,10408.0,0.7194444444444444,40.18532818532819,1
1,1,0,0,0,5667,2667.0,180.0,360.0,1.0,0,8334.0,0.5,46.3,1
0,0,0,0,0,4166,0.0,44.0,360.0,1.0,1,4166.0,0.12222222222222222,94.68181818181819,1
0,0,0,0,0,2137,8980.0,137.0,360.0,0.0,1,11117.0,0.38055555555555554,81.14598540145985,1
1,1,2,0,0,2957,0.0,81.0,360.0,1.0,1,2957.0,0.225,36.50617283950617,1
1,1,0,1,0,4300,2014.0,194.0,360.0,1.0,0,6314.0,0.5388888888888889,32.54639175257732,1
0,0,0,0,0,3692,0.0,93.0,360.0,1.0,0,3692.0,0.25833333333333336,39.69892473118279,1
1,1,3,0,0,23803,0.0,370.0,360.0,1.0,0,23803.0,1.0277777777777777,64.33243243243243,1
1,0,0,0,0,3865,1640.0,128.0,360.0,1.0,0,5505.0,0.35555555555555557,43.0078125,1
1,1,1,0,1,10513,3850.0,160.0,180.0,0.0,2,14363.0,0.8888888888888888,89.76875,0
1,1,0,0,0,6080,2569.0,182.0,360.0,1.0,0,8649.0,0.5055555555555555,47.52197802197802,0
1,0,0,0,1,20166,0.0,650.0,480.0,1.0,2,20166.0,1.3541666666666667,31.024615384615384,1
1,0,0,0,0,2014,1929.0,74.0,360.0,1.0,2,3943.0,0.20555555555555555,53.28378378378378,1
1,0,0,0,0,2718,0.0,70.0,360.0,1.0,1,2718.0,0.19444444444444445,38.82857142857143,1
1,1,0,0,1,3459,0.0,25.0,120.0,1.0,1,3459.0,0.20833333333333334,138.36,1
1,0,0,0,0,4895,0.0,102.0,360.0,1.0,1,4895.0,0.2833333333333333,47.990196078431374,1
1,1,3,0,0,4000,7750.0,290.0,360.0,1.0,1,11750.0,0.8055555555555556,40.51724137931034,0
0,1,0,0,0,4583,0.0,84.0,360.0,1.0,0,4583.0,0.23333333333333334,54.55952380952381,0
1,1,2,0,1,3316,3500.0,88.0,360.0,1.0,2,6816.0,0.24444444444444444,77.45454545454545,1
1,0,0,0,0,14999,0.0,242.0,360.0,0.0,1,14999.0,0.6722222222222223,61.97933884297521,0
1,1,2,1,0,4200,1430.0,129.0,360.0,1.0,0,5630.0,0.35833333333333334,43.64341085271318,0
1,1,2,0,0,5042,2083.0,185.0,360.0,1.0,0,7125.0,0.5138888888888888,38.513513513513516,0
1,0,0,0,0,5417,0.0,168.0,360.0,1.0,2,5417.0,0.4666666666666667,32.24404761904762,1
1,0,0,0,1,6950,0.0,175.0,180.0,1.0,1,6950.0,0.9722222222222222,39.714285714285715,1
1,1,0,0,0,2698,2034.0,122.0,360.0,1.0,1,4732.0,0.3388888888888889,38.78688524590164,1
1,1,2,0,0,11757,0.0,187.0,180.0,1.0,2,11757.0,1.038888888888889,62.8716577540107,1
0,1,0,0,0,2330,4486.0,100.0,360.0,1.0,1,6816.0,0.2777777777777778,68.16,1
0,1,2,0,0,14866,0.0,70.0,360.0,1.0,2,14866.0,0.19444444444444445,212.37142857142857,1
1,1,1,0,0,1538,1425.0,30.0,360.0,1.0,2,2963.0,0.08333333333333333,98.76666666666667,1
0,0,0,0,0,10000,1666.0,225.0,360.0,1.0,0,11666.0,0.625,51.84888888888889,0
1,1,0,0,0,4860,830.0,125.0,360.0,1.0,1,5690.0,0.3472222222222222,45.52,1
1,0,0,0,0,6277,0.0,118.0,360.0,0.0,0,6277.0,0.3277777777777778,53.19491525423729,0
1,1,0,0,1,2577,3750.0,152.0,360.0,1.0,0,6327.0,0.4222222222222222,41.625,1
1,0,0,0,0,9166,0.0,244.0,360.0,1.0,2,9166.0,0.6777777777777778,37.5655737704918,0
1,1,2,1,0,2281,0.0,113.0,360.0,1.0,0,2281.0,0.3138888888888889,20.1858407079646,0
1,0,0,0,0,3254,0.0,50.0,360.0,1.0,2,3254.0,0.1388888888888889,65.08,1
1,1,3,0,0,39999,0.0,600.0,180.0,0.0,1,39999.0,3.3333333333333335,66.665,1
1,1,1,0,0,6000,0.0,160.0,360.0,1.0,0,6000.0,0.4444444444444444,37.5,1
1,1,1,0,0,9538,0.0,187.0,360.0,1.0,2,9538.0,0.5194444444444445,51.00534759358289,1
1,0,0,0,0,2980,2083.0,120.0,360.0,1.0,0,5063.0,0.3333333333333333,42.19166666666667,1
1,1,0,0,0,4583,5625.0,255.0,360.0,1.0,1,10208.0,0.7083333333333334,40.03137254901961,1
1,1,0,1,0,1863,1041.0,98.0,360.0,1.0,1,2904.0,0.2722222222222222,29.632653061224488,1
1,1,0,0,0,7933,0.0,275.0,360.0,1.0,2,7933.0,0.7638888888888888,28.847272727272728,0
1,1,1,0,0,3089,1280.0,121.0,360.0,0.0,1,4369.0,0.33611111111111114,36.107438016528924,0
1,1,2,0,0,4167,1447.0,158.0,360.0,1.0,0,5614.0,0.4388888888888889,35.53164556962025,1
1,1,0,0,0,9323,0.0,75.0,180.0,1.0,2,9323.0,0.4166666666666667,124.30666666666667,1
1,1,0,0,0,3707,3166.0,182.0,360.0,1.0,0,6873.0,0.5055555555555555,37.76373626373626,1
0,1,0,0,0,4583,0.0,112.0,360.0,1.0,0,4583.0,0.3111111111111111,40.919642857142854,0
1,1,0,0,0,2439,3333.0,129.0,360.0,1.0,0,5772.0,0.35833333333333334,44.74418604651163,1
1,0,0,0,0,2237,0.0,63.0,480.0,0.0,1,2237.0,0.13125,35.507936507936506,0
1,1,2,0,0,8000,0.0,200.0,360.0,1.0,1,8000.0,0.5555555555555556,40.0,1
1,1,0,1,0,1820,1769.0,95.0,360.0,1.0,0,3589.0,0.2638888888888889,37.77894736842105,1
1,1,3,0,0,51763,0.0,700.0,300.0,1.0,2,51763.0,2.3333333333333335,73.94714285714285,1
1,1,3,1,0,3522,0.0,81.0,180.0,1.0,0,3522.0,0.45,43.48148148148148,0
1,1,0,0,0,5708,5625.0,187.0,360.0,1.0,1,11333.0,0.5194444444444445,60.60427807486631,1
1,1,0,1,1,4344,736.0,87.0,360.0,1.0,1,5080.0,0.24166666666666667,58.39080459770115,0
1,1,0,0,0,3497,1964.0,116.0,360.0,1.0,0,5461.0,0.32222222222222224,47.077586206896555,1
1,1,2,0,0,2045,1619.0,101.0,360.0,1.0,0,3664.0,0.28055555555555556,36.277227722772274,1
1,1,3,0,0,5516,11300.0,495.0,360.0,0.0,1,16816.0,1.375,33.971717171717174,0
1,1,1,0,0,3750,0.0,116.0,360.0,1.0,1,3750.0,0.32222222222222224,32.327586206896555,1
1,0,0,1,0,2333,1451.0,102.0,480.0,0.0,2,3784.0,0.2125,37.09803921568628,0
1,1,1,0,0,6400,7250.0,180.0,360.0,0.0,2,13650.0,0.5,75.83333333333333,0
1,0,0,0,0,1916,5063.0,67.0,360.0,1.0,0,6979.0,0.18611111111111112,104.16417910447761,0
1,1,0,0,0,4600,0.0,73.0,180.0,1.0,1,4600.0,0.40555555555555556,63.013698630136986,1
1,1,1,0,0,33846,0.0,260.0,360.0,1.0,1,33846.0,0.7222222222222222,130.1769230769231,0
0,1,0,0,0,3625,0.0,108.0,360.0,1.0,1,3625.0,0.3,33.56481481481482,1
1,1,0,0,1,39147,4750.0,120.0,360.0,1.0,1,43897.0,0.3333333333333333,365.80833333333334,1
1,1,1,0,1,2178,0.0,66.0,300.0,0.0,0,2178.0,0.22,33.0,0
1,1,0,0,0,2383,2138.0,58.0,360.0,1.0,0,4521.0,0.16111111111111112,77.94827586206897,1
1,1,0,0,1,674,5296.0,168.0,360.0,1.0,0,5970.0,0.4666666666666667,35.535714285714285,1
1,1,0,0,0,9328,0.0,188.0,180.0,1.0,0,9328.0,1.0444444444444445,49.61702127659574,1
1,0,0,1,0,4885,0.0,48.0,360.0,1.0,0,4885.0,0.13333333333333333,101.77083333333333,1
1,0,0,0,0,12000,0.0,164.0,360.0,1.0,1,12000.0,0.45555555555555555,73.17073170731707,0
1,1,0,1,0,6033,0.0,160.0,360.0,1.0,2,6033.0,0.4444444444444444,37.70625,0
1,0,0,0,0,3858,0.0,76.0,360.0,1.0,1,3858.0,0.2111111111111111,50.76315789473684,1
1,0,0,0,0,4191,0.0,120.0,360.0,1.0,0,4191.0,0.3333333333333333,34.925,1
1,1,1,0,0,3125,2583.0,170.0,360.0,1.0,1,5708.0,0.4722222222222222,33.576470588235296,0
1,0,0,0,0,8333,3750.0,187.0,360.0,1.0,0,12083.0,0.5194444444444445,64.61497326203208,1
0,0,0,1,0,1907,2365.0,120.0,360.0,1.0,2,4272.0,0.3333333333333333,35.6,1
0,1,0,0,0,3416,2816.0,113.0,360.0,1.0,1,6232.0,0.3138888888888889,55.150442477876105,1
1,0,0,0,1,11000,0.0,83.0,360.0,1.0,2,11000.0,0.23055555555555557,132.53012048192772,0
1,1,1,1,0,2600,2500.0,90.0,360.0,1.0,1,5100.0,0.25,56.666666666666664,1
1,0,2,0,0,4923,0.0,166.0,360.0,0.0,1,4923.0,0.46111111111111114,29.656626506024097,1
1,1,3,1,0,3992,0.0,128.0,180.0,1.0,2,3992.0,0.7111111111111111,31.1875,0
1,1,1,1,0,3500,1083.0,135.0,360.0,1.0,2,4583.0,0.375,33.94814814814815,1
1,1,2,1,0,3917,0.0,124.0,360.0,1.0,1,3917.0,0.34444444444444444,31.588709677419356,1
0,0,0,1,0,4408,0.0,120.0,360.0,1.0,1,4408.0,0.3333333333333333,36.733333333333334,1
0,0,0,0,0,3244,0.0,80.0,360.0,1.0,2,3244.0,0.2222222222222222,40.55,1
1,0,0,1,0,3975,2531.0,55.0,360.0,1.0,0,6506.0,0.1527777777777778,118.2909090909091,1
1,0,0,0,0,2479,0.0,59.0,360.0,1.0,2,2479.0,0.1638888888888889,42.016949152542374,1
1,0,0,0,0,3418,0.0,127.0,360.0,1.0,1,3418.0,0.3527777777777778,26.913385826771652,0
0,0,0,0,0,10000,0.0,214.0,360.0,1.0,1,10000.0,0.5944444444444444,46.728971962616825,0
1,1,3,0,0,3430,1250.0,128.0,360.0,0.0,1,4680.0,0.35555555555555557,36.5625,0
1,1,1,0,1,7787,0.0,240.0,360.0,1.0,2,7787.0,0.6666666666666666,32.44583333333333,1
1,1,3,1,1,5703,0.0,130.0,360.0,1.0,0,5703.0,0.3611111111111111,43.86923076923077,1
1,1,0,0,0,3173,3021.0,137.0,360.0,1.0,2,6194.0,0.38055555555555554,45.21167883211679,1
1,1,3,1,0,3850,983.0,100.0,360.0,1.0,1,4833.0,0.2777777777777778,48.33,1
1,1,0,0,0,150,1800.0,135.0,360.0,1.0,0,1950.0,0.375,14.444444444444445,0
1,1,0,0,0,3727,1775.0,131.0,360.0,1.0,1,5502.0,0.3638888888888889,42.0,1
1,1,2,0,0,5000,0.0,72.0,360.0,0.0,1,5000.0,0.2,69.44444444444444,0
0,1,2,0,0,4283,2383.0,127.0,360.0,1.0,1,6666.0,0.3527777777777778,52.488188976377955,1
1,1,0,0,0,2221,0.0,60.0,360.0,0.0,2,2221.0,0.16666666666666666,37.016666666666666,0
1,1,2,0,0,4009,1717.0,116.0,360.0,1.0,1,5726.0,0.32222222222222224,49.36206896551724,1
1,0,0,0,0,2971,2791.0,144.0,360.0,1.0,1,5762.0,0.4,40.013888888888886,1
1,1,0,0,0,7578,1010.0,175.0,360.0,1.0,1,8588.0,0.4861111111111111,49.074285714285715,1
1,1,0,0,0,6250,0.0,128.0,360.0,1.0,1,6250.0,0.35555555555555557,48.828125,1
1,1,0,0,0,3250,0.0,170.0,360.0,1.0,0,3250.0,0.4722222222222222,19.11764705882353,0
1,1,0,1,1,4735,0.0,138.0,360.0,1.0,2,4735.0,0.38333333333333336,34.31159420289855,0
1,1,2,0,0,6250,1695.0,210.0,360.0,1.0,1,7945.0,0.5833333333333334,37.833333333333336,1
1,1,0,0,0,4758,0.0,158.0,480.0,1.0,1,4758.0,0.32916666666666666,30.11392405063291,1
1,0,0,0,1,6400,0.0,200.0,360.0,1.0,0,6400.0,0.5555555555555556,32.0,1
1,1,1,0,0,2491,2054.0,104.0,360.0,1.0,1,4545.0,0.28888888888888886,43.70192307692308,1
1,1,0,0,0,3716,0.0,42.0,180.0,1.0,0,3716.0,0.23333333333333334,88.47619047619048,1
1,0,0,1,0,3189,2598.0,120.0,360.0,1.0,0,5787.0,0.3333333333333333,48.225,1
0,0,0,0,0,8333,0.0,280.0,360.0,1.0,1,8333.0,0.7777777777777778,29.760714285714286,1
1,1,1,0,0,3155,1779.0,140.0,360.0,1.0,1,4934.0,0.3888888888888889,35.24285714285714,1
1,1,1,0,0,5500,1260.0,170.0,360.0,1.0,0,6760.0,0.4722222222222222,39.76470588235294,1
1,1,0,0,0,5746,0.0,255.0,360.0,1.0,2,5746.0,0.7083333333333334,22.533333333333335,0
0,0,0,0,1,3463,0.0,122.0,360.0,1.0,2,3463.0,0.3388888888888889,28.385245901639344,1
0,0,1,0,0,3812,0.0,112.0,360.0,1.0,0,3812.0,0.3111111111111111,34.035714285714285,1
1,1,1,0,0,3315,0.0,96.0,360.0,1.0,1,3315.0,0.26666666666666666,34.53125,1
1,1,2,0,0,5819,5000.0,120.0,360.0,1.0,0,10819.0,0.3333333333333333,90.15833333333333,1
1,1,1,1,0,2510,1983.0,140.0,180.0,1.0,2,4493.0,0.7777777777777778,32.09285714285714,0
1,0,0,0,0,2965,5701.0,155.0,60.0,1.0,2,8666.0,2.5833333333333335,55.909677419354836,1
1,1,2,0,1,6250,1300.0,108.0,360.0,1.0,0,7550.0,0.3,69.9074074074074,1
1,1,0,1,0,3406,4417.0,123.0,360.0,1.0,1,7823.0,0.3416666666666667,63.60162601626016,1
1,0,0,0,1,6050,4333.0,120.0,180.0,1.0,2,10383.0,0.6666666666666666,86.525,0
1,1,2,0,0,9703,0.0,112.0,360.0,1.0,2,9703.0,0.3111111111111111,86.63392857142857,1
1,1,1,1,0,6608,0.0,137.0,180.0,1.0,2,6608.0,0.7611111111111111,48.23357664233577,1
1,1,1,0,0,2882,1843.0,123.0,480.0,1.0,1,4725.0,0.25625,38.41463414634146,1
1,1,0,0,0,1809,1868.0,90.0,360.0,1.0,2,3677.0,0.25,40.855555555555554,1
1,1,0,1,0,1668,3890.0,201.0,360.0,0.0,1,5558.0,0.5583333333333333,27.65174129353234,0
0,0,2,0,0,3427,0.0,138.0,360.0,1.0,2,3427.0,0.38333333333333336,24.833333333333332,0
1,0,0,1,1,2583,2167.0,104.0,360.0,1.0,0,4750.0,0.28888888888888886,45.67307692307692,1
1,1,1,1,0,2661,7101.0,279.0,180.0,1.0,1,9762.0,1.55,34.98924731182796,1
1,0,0,0,1,16250,0.0,192.0,360.0,0.0,2,16250.0,0.5333333333333333,84.63541666666667,0
0,0,3,0,0,3083,0.0,255.0,360.0,1.0,0,3083.0,0.7083333333333334,12.090196078431372,1
1,0,0,1,0,6045,0.0,115.0,360.0,0.0,0,6045.0,0.3194444444444444,52.56521739130435,0
1,1,3,0,0,5250,0.0,94.0,360.0,1.0,2,5250.0,0.2611111111111111,55.851063829787236,0
1,1,0,0,0,14683,2100.0,304.0,360.0,1.0,0,16783.0,0.8444444444444444,55.20723684210526,0
1,1,3,1,0,4931,0.0,128.0,360.0,1.0,1,4931.0,0.35555555555555557,38.5234375,0
1,1,1,0,0,6083,4250.0,330.0,360.0,1.0,2,10333.0,0.9166666666666666,31.312121212121212,1
1,0,0,0,0,2060,2209.0,134.0,360.0,1.0,1,4269.0,0.37222222222222223,31.85820895522388,1
0,0,1,0,0,3481,0.0,155.0,36.0,1.0,1,3481.0,4.305555555555555,22.45806451612903,0
0,0,0,0,0,7200,0.0,120.0,360.0,1.0,0,7200.0,0.3333333333333333,60.0,1
1,0,0,0,1,5166,0.0,128.0,360.0,1.0,1,5166.0,0.35555555555555557,40.359375,1
1,0,0,0,0,4095,3447.0,151.0,360.0,1.0,0,7542.0,0.41944444444444445,49.94701986754967,1
1,1,2,0,0,4708,1387.0,150.0,360.0,1.0,1,6095.0,0.4166666666666667,40.63333333333333,1
1,1,3,0,0,4333,1811.0,160.0,360.0,0.0,2,6144.0,0.4444444444444444,38.4,1
0,0,0,0,0,3418,0.0,135.0,360.0,1.0,0,3418.0,0.375,25.31851851851852,0
0,0,1,0,0,2876,1560.0,90.0,360.0,1.0,2,4436.0,0.25,49.28888888888889,1
0,0,0,0,0,3237,0.0,30.0,360.0,1.0,2,3237.0,0.08333333333333333,107.9,1
1,1,0,0,0,11146,0.0,136.0,360.0,1.0,2,11146.0,0.37777777777777777,81.95588235294117,1
1,0,0,0,0,2833,1857.0,126.0,360.0,1.0,0,4690.0,0.35,37.22222222222222,1
1,1,0,0,0,2620,2223.0,150.0,360.0,1.0,1,4843.0,0.4166666666666667,32.28666666666667,1
1,1,2,0,0,3900,0.0,90.0,360.0,1.0,1,3900.0,0.25,43.333333333333336,1
1,1,1,0,0,2750,1842.0,115.0,360.0,1.0,1,4592.0,0.3194444444444444,39.93043478260869,1
1,1,0,0,0,3993,3274.0,207.0,360.0,1.0,1,7267.0,0.575,35.106280193236714,1
1,1,0,0,0,3103,1300.0,80.0,360.0,1.0,2,4403.0,0.2222222222222222,55.0375,1
1,1,0,0,0,14583,0.0,436.0,360.0,1.0,1,14583.0,1.211111111111111,33.44724770642202,1
0,1,0,1,0,4100,0.0,124.0,360.0,1.0,0,4100.0,0.34444444444444444,33.064516129032256,1
1,0,1,1,1,4053,2426.0,158.0,360.0,0.0,2,6479.0,0.4388888888888889,41.00632911392405,0
1,1,0,0,0,3927,800.0,112.0,360.0,1.0,1,4727.0,0.3111111111111111,42.205357142857146,1
1,1,2,0,0,2301,985.7999878,78.0,180.0,1.0,2,3286.7999878,0.43333333333333335,42.13846138205128,1
0,0,0,0,0,1811,1666.0,54.0,360.0,1.0,2,3477.0,0.15,64.38888888888889,1
1,1,0,0,0,20667,0.0,128.0,360.0,1.0,0,20667.0,0.35555555555555557,161.4609375,0
1,0,0,0,0,3158,3053.0,89.0,360.0,1.0,0,6211.0,0.24722222222222223,69.78651685393258,1
0,0,0,0,1,2600,1717.0,99.0,300.0,1.0,1,4317.0,0.33,43.60606060606061,0
1,1,0,0,0,3704,2000.0,120.0,360.0,1.0,0,5704.0,0.3333333333333333,47.53333333333333,1
0,0,0,0,0,4124,0.0,115.0,360.0,1.0,1,4124.0,0.3194444444444444,35.86086956521739,1
1,0,0,0,0,9508,0.0,187.0,360.0,1.0,0,9508.0,0.5194444444444445,50.844919786096256,1
1,1,0,0,0,3075,2416.0,139.0,360.0,1.0,0,5491.0,0.3861111111111111,39.50359712230216,1
1,1,2,0,0,4400,0.0,127.0,360.0,0.0,1,4400.0,0.3527777777777778,34.645669291338585,0
1,1,2,0,0,3153,1560.0,134.0,360.0,1.0,2,4713.0,0.37222222222222223,35.17164179104478,1
0,0,0,0,0,5417,0.0,143.0,480.0,0.0,2,5417.0,0.29791666666666666,37.88111888111888,0
1,1,0,0,0,2383,3334.0,172.0,360.0,1.0,1,5717.0,0.4777777777777778,33.23837209302326,1
1,1,3,0,0,4416,1250.0,110.0,360.0,1.0,2,5666.0,0.3055555555555556,51.50909090909091,1
1,1,1,0,0,6875,0.0,200.0,360.0,1.0,1,6875.0,0.5555555555555556,34.375,1
0,1,1,0,0,4666,0.0,135.0,360.0,1.0,2,4666.0,0.375,34.56296296296296,1
0,0,0,0,0,5000,2541.0,151.0,480.0,1.0,0,7541.0,0.3145833333333333,49.94039735099338,0
1,1,1,0,0,2014,2925.0,113.0,360.0,1.0,2,4939.0,0.3138888888888889,43.70796460176991,0
1,1,0,1,0,1800,2934.0,93.0,360.0,0.0,2,4734.0,0.25833333333333336,50.903225806451616,0
1,1,0,1,0,2875,1750.0,105.0,360.0,1.0,1,4625.0,0.2916666666666667,44.04761904761905,1
0,0,0,0,0,5000,0.0,132.0,360.0,1.0,0,5000.0,0.36666666666666664,37.878787878787875,1
1,1,1,0,0,1625,1803.0,96.0,360.0,1.0,2,3428.0,0.26666666666666666,35.708333333333336,1
1,0,0,0,0,4000,2500.0,140.0,360.0,1.0,0,6500.0,0.3888888888888889,46.42857142857143,1
1,0,0,1,0,2000,0.0,128.0,360.0,1.0,2,2000.0,0.35555555555555557,15.625,0
0,0,0,0,0,3762,1666.0,135.0,360.0,1.0,0,5428.0,0.375,40.20740740740741,1
0,0,0,0,0,2400,1863.0,104.0,360.0,0.0,2,4263.0,0.28888888888888886,40.99038461538461,0
1,0,0,0,0,20233,0.0,480.0,360.0,1.0,0,20233.0,1.3333333333333333,42.15208333333333,0
1,1,2,1,0,7667,0.0,185.0,360.0,1.0,0,7667.0,0.5138888888888888,41.443243243243245,1
0,0,0,0,0,2917,0.0,84.0,360.0,1.0,1,2917.0,0.23333333333333334,34.726190476190474,1
1,0,0,1,0,2927,2405.0,111.0,360.0,1.0,1,5332.0,0.30833333333333335,48.03603603603604,1
0,0,0,0,0,2507,0.0,56.0,360.0,1.0,0,2507.0,0.15555555555555556,44.767857142857146,1
1,1,2,0,1,5746,0.0,144.0,84.0,1.0,0,5746.0,1.7142857142857142,39.90277777777778,1
1,1,0,0,0,2473,1843.0,159.0,360.0,1.0,0,4316.0,0.44166666666666665,27.144654088050313,0
1,1,1,1,0,3399,1640.0,111.0,180.0,1.0,2,5039.0,0.6166666666666667,45.3963963963964,1
1,1,2,0,0,3717,0.0,120.0,360.0,1.0,1,3717.0,0.3333333333333333,30.975,1
1,1,0,0,0,2058,2134.0,88.0,360.0,1.0,2,4192.0,0.24444444444444444,47.63636363636363,1
0,0,1,0,0,3541,0.0,112.0,360.0,1.0,1,3541.0,0.3111111111111111,31.616071428571427,1
1,1,1,0,1,10000,0.0,155.0,360.0,1.0,0,10000.0,0.4305555555555556,64.51612903225806,0
1,1,0,0,0,2400,2167.0,115.0,360.0,1.0,1,4567.0,0.3194444444444444,39.71304347826087,1
1,1,3,0,0,4342,189.0,124.0,360.0,1.0,1,4531.0,0.34444444444444444,36.54032258064516,1
1,1,2,1,0,3601,1590.0,128.0,360.0,1.0,0,5191.0,0.35555555555555557,40.5546875,1
0,0,0,0,0,3166,2985.0,132.0,360.0,1.0,0,6151.0,0.36666666666666664,46.59848484848485,1
1,1,3,0,0,15000,0.0,300.0,360.0,1.0,0,15000.0,0.8333333333333334,50.0,1
1,1,1,0,1,8666,4983.0,376.0,360.0,0.0,0,13649.0,1.0444444444444445,36.30053191489362,0
1,0,0,0,0,4917,0.0,130.0,360.0,0.0,0,4917.0,0.3611111111111111,37.823076923076925,1
1,1,0,0,1,5818,2160.0,184.0,360.0,1.0,1,7978.0,0.5111111111111111,43.358695652173914,1
0,1,0,0,0,4333,2451.0,110.0,360.0,1.0,2,6784.0,0.3055555555555556,61.67272727272727,0
0,0,0,0,0,2500,0.0,67.0,360.0,1.0,2,2500.0,0.18611111111111112,37.3134328358209,1
1,0,1,0,0,4384,1793.0,117.0,360.0,1.0,2,6177.0,0.325,52.794871794871796,1
1,0,0,0,0,2935,0.0,98.0,360.0,1.0,1,2935.0,0.2722222222222222,29.948979591836736,1
1,0,0,0,0,2833,0.0,71.0,360.0,1.0,2,2833.0,0.19722222222222222,39.901408450704224,1
1,1,0,0,0,63337,0.0,490.0,180.0,1.0,2,63337.0,2.7222222222222223,129.25918367346938,1
1,1,1,0,1,9833,1833.0,182.0,180.0,1.0,2,11666.0,1.011111111111111,64.0989010989011,1
1,1,0,0,1,5503,4490.0,70.0,360.0,1.0,1,9993.0,0.19444444444444445,142.75714285714287,1
1,1,1,0,0,5250,688.0,160.0,360.0,1.0,0,5938.0,0.4444444444444444,37.1125,1
1,1,2,0,1,2500,4600.0,176.0,360.0,1.0,0,7100.0,0.4888888888888889,40.34090909090909,1
0,0,3,1,0,1830,0.0,128.0,360.0,0.0,2,1830.0,0.35555555555555557,14.296875,0
0,0,0,0,0,4160,0.0,71.0,360.0,1.0,1,4160.0,0.19722222222222222,58.59154929577465,1
1,1,3,1,0,2647,1587.0,173.0,360.0,1.0,0,4234.0,0.48055555555555557,24.473988439306357,0
0,0,0,0,0,2378,0.0,46.0,360.0,1.0,0,2378.0,0.12777777777777777,51.69565217391305,0
1,1,1,1,0,4554,1229.0,158.0,360.0,1.0,2,5783.0,0.4388888888888889,36.60126582278481,1
1,1,3,1,0,3173,0.0,74.0,360.0,1.0,1,3173.0,0.20555555555555555,42.87837837837838,1
1,1,2,0,0,2583,2330.0,125.0,360.0,1.0,0,4913.0,0.3472222222222222,39.304,1
1,1,0,0,0,2499,2458.0,160.0,360.0,1.0,1,4957.0,0.4444444444444444,30.98125,1
1,1,0,1,0,3523,3230.0,152.0,360.0,0.0,0,6753.0,0.4222222222222222,44.42763157894737,0
1,1,2,1,0,3083,2168.0,126.0,360.0,1.0,2,5251.0,0.35,41.67460317460318,1
1,1,0,0,0,6333,4583.0,259.0,360.0,1.0,1,10916.0,0.7194444444444444,42.14671814671814,1
1,1,0,0,0,2625,6250.0,187.0,360.0,1.0,0,8875.0,0.5194444444444445,47.45989304812834,1
1,1,0,0,0,9083,0.0,228.0,360.0,1.0,1,9083.0,0.6333333333333333,39.83771929824562,1
1,0,0,0,0,8750,4167.0,308.0,360.0,1.0,0,12917.0,0.8555555555555555,41.938311688311686,0
1,1,3,0,0,2666,2083.0,95.0,360.0,1.0,0,4749.0,0.2638888888888889,49.98947368421052,1
0,1,0,0,1,5500,0.0,105.0,360.0,0.0,0,5500.0,0.2916666666666667,52.38095238095238,0
0,1,0,0,0,2423,505.0,130.0,360.0,1.0,1,2928.0,0.3611111111111111,22.523076923076925,1
0,0,0,0,0,3813,0.0,116.0,180.0,1.0,2,3813.0,0.6444444444444445,32.87068965517241,1
1,1,2,0,0,8333,3167.0,165.0,360.0,1.0,0,11500.0,0.4583333333333333,69.6969696969697,1
1,1,1,0,0,3875,0.0,67.0,360.0,1.0,2,3875.0,0.18611111111111112,57.83582089552239,0
1,1,0,1,0,3000,1666.0,100.0,480.0,0.0,2,4666.0,0.20833333333333334,46.66,0
1,1,3,0,0,5167,3167.0,200.0,360.0,1.0,1,8334.0,0.5555555555555556,41.67,1
0,0,1,0,0,4723,0.0,81.0,360.0,1.0,1,4723.0,0.225,58.30864197530864,0
1,1,2,0,0,5000,3667.0,236.0,360.0,1.0,1,8667.0,0.6555555555555556,36.72457627118644,1
1,1,0,0,0,4750,2333.0,130.0,360.0,1.0,2,7083.0,0.3611111111111111,54.48461538461538,1
1,1,0,0,0,3013,3033.0,95.0,300.0,1.0,2,6046.0,0.31666666666666665,63.642105263157895,1
1,0,0,0,1,6822,0.0,141.0,360.0,1.0,0,6822.0,0.39166666666666666,48.38297872340426,1
1,0,0,1,0,6216,0.0,133.0,360.0,1.0,0,6216.0,0.36944444444444446,46.73684210526316,0
1,0,0,0,0,2500,0.0,96.0,480.0,1.0,1,2500.0,0.2,26.041666666666668,0
1,0,0,0,0,5124,0.0,124.0,360.0,0.0,0,5124.0,0.34444444444444444,41.32258064516129,0
1,1,1,0,0,6325,0.0,175.0,360.0,1.0,1,6325.0,0.4861111111111111,36.142857142857146,1
1,1,0,0,0,19730,5266.0,570.0,360.0,1.0,0,24996.0,1.5833333333333333,43.85263157894737,0
0,0,0,0,1,15759,0.0,55.0,360.0,1.0,1,15759.0,0.1527777777777778,286.5272727272727,1
1,1,2,0,0,5185,0.0,155.0,360.0,1.0,1,5185.0,0.4305555555555556,33.45161290322581,1
1,1,2,0,1,9323,7873.0,380.0,300.0,1.0,0,17196.0,1.2666666666666666,45.252631578947366,1
1,0,1,0,0,3062,1987.0,111.0,180.0,0.0,2,5049.0,0.6166666666666667,45.486486486486484,0
0,0,0,0,0,2764,1459.0,110.0,360.0,1.0,2,4223.0,0.3055555555555556,38.39090909090909,1
1,1,0,0,0,4817,923.0,120.0,180.0,1.0,2,5740.0,0.6666666666666666,47.833333333333336,1
1,1,3,0,0,8750,4996.0,130.0,360.0,1.0,0,13746.0,0.3611111111111111,105.73846153846154,1
1,1,0,0,0,4310,0.0,130.0,360.0,1.0,1,4310.0,0.3611111111111111,33.15384615384615,1
1,0,0,0,0,3069,0.0,71.0,480.0,1.0,2,3069.0,0.14791666666666667,43.225352112676056,0
1,1,2,0,0,5391,0.0,130.0,360.0,1.0,2,5391.0,0.3611111111111111,41.46923076923077,1
1,1,0,0,0,3333,2500.0,128.0,360.0,1.0,1,5833.0,0.35555555555555557,45.5703125,1
1,0,0,0,0,5941,4232.0,296.0,360.0,1.0,1,10173.0,0.8222222222222222,34.36824324324324,1
0,0,0,0,0,6000,0.0,156.0,360.0,1.0,2,6000.0,0.43333333333333335,38.46153846153846,1
1,0,0,0,1,7167,0.0,128.0,360.0,1.0,2,7167.0,0.35555555555555557,55.9921875,1
1,1,2,0,0,4566,0.0,100.0,360.0,1.0,2,4566.0,0.2777777777777778,45.66,0
1,0,1,0,0,3667,0.0,113.0,180.0,1.0,2,3667.0,0.6277777777777778,32.45132743362832,1
1,0,0,1,0,2346,1600.0,132.0,360.0,1.0,1,3946.0,0.36666666666666664,29.893939393939394,1
1,1,0,1,0,3010,3136.0,128.0,360.0,0.0,2,6146.0,0.35555555555555557,48.015625,0
1,1,0,0,0,2333,2417.0,136.0,360.0,1.0,2,4750.0,0.37777777777777777,34.9264705882353,1
1,1,0,0,0,5488,0.0,125.0,360.0,1.0,0,5488.0,0.3472222222222222,43.904,1
1,0,3,0,0,9167,0.0,185.0,360.0,1.0,0,9167.0,0.5138888888888888,49.55135135135135,1
1,1,3,0,0,9504,0.0,275.0,360.0,1.0,0,9504.0,0.7638888888888888,34.56,1
1,1,0,0,0,2583,2115.0,120.0,360.0,1.0,2,4698.0,0.3333333333333333,39.15,1
1,1,2,1,0,1993,1625.0,113.0,180.0,1.0,1,3618.0,0.6277777777777778,32.017699115044245,1
1,1,2,0,0,3100,1400.0,113.0,360.0,1.0,2,4500.0,0.3138888888888889,39.823008849557525,1
1,1,2,0,0,3276,484.0,135.0,360.0,1.0,1,3760.0,0.375,27.85185185185185,1
0,0,0,0,0,3180,0.0,71.0,360.0,0.0,2,3180.0,0.19722222222222222,44.7887323943662,0
1,1,0,0,0,3033,1459.0,95.0,360.0,1.0,2,4492.0,0.2638888888888889,47.28421052631579,1
1,0,0,1,0,3902,1666.0,109.0,360.0,1.0,0,5568.0,0.30277777777777776,51.08256880733945,1
0,0,0,0,0,1500,1800.0,103.0,360.0,0.0,1,3300.0,0.2861111111111111,32.03883495145631,0
1,1,2,1,0,2889,0.0,45.0,180.0,0.0,2,2889.0,0.25,64.2,0
1,0,0,1,0,2755,0.0,65.0,300.0,1.0,0,2755.0,0.21666666666666667,42.38461538461539,0
1,0,0,0,0,2500,20000.0,103.0,360.0,1.0,1,22500.0,0.2861111111111111,218.44660194174756,1
0,0,0,1,0,1963,0.0,53.0,360.0,1.0,1,1963.0,0.14722222222222223,37.0377358490566,1
0,0,0,0,1,7441,0.0,194.0,360.0,1.0,0,7441.0,0.5388888888888889,38.355670103092784,0
0,0,0,0,0,4547,0.0,115.0,360.0,1.0,1,4547.0,0.3194444444444444,39.53913043478261,1
1,1,0,1,0,2167,2400.0,115.0,360.0,1.0,2,4567.0,0.3194444444444444,39.71304347826087,1
0,0,0,1,0,2213,0.0,66.0,360.0,1.0,0,2213.0,0.18333333333333332,33.53030303030303,1
1,1,1,0,0,8300,0.0,152.0,300.0,0.0,1,8300.0,0.5066666666666667,54.60526315789474,0
1,1,3,0,0,81000,0.0,360.0,360.0,0.0,0,81000.0,1.0,225.0,0
0,0,1,1,1,3867,0.0,62.0,360.0,1.0,1,3867.0,0.17222222222222222,62.37096774193548,0
1,1,0,0,0,6256,0.0,160.0,360.0,1.0,2,6256.0,0.4444444444444444,39.1,1
1,1,0,1,0,6096,0.0,218.0,360.0,0.0,0,6096.0,0.6055555555555555,27.96330275229358,0
1,1,0,1,0,2253,2033.0,110.0,360.0,1.0,0,4286.0,0.3055555555555556,38.96363636363636,1
0,1,0,1,0,2149,3237.0,178.0,360.0,0.0,1,5386.0,0.49444444444444446,30.258426966292134,0
0,0,0,0,0,2995,0.0,60.0,360.0,1.0,2,2995.0,0.16666666666666666,49.916666666666664,1
0,0,1,0,0,2600,0.0,160.0,360.0,1.0,2,2600.0,0.4444444444444444,16.25,0
1,1,2,0,1,1600,20000.0,239.0,360.0,1.0,2,21600.0,0.6638888888888889,90.3765690376569,0
1,1,0,0,0,1025,2773.0,112.0,360.0,1.0,0,3798.0,0.3111111111111111,33.910714285714285,1
1,1,0,0,0,3246,1417.0,138.0,360.0,1.0,1,4663.0,0.38333333333333336,33.789855072463766,1
1,1,0,0,0,5829,0.0,138.0,360.0,1.0,0,5829.0,0.38333333333333336,42.23913043478261,1
0,0,0,1,0,2720,0.0,80.0,360.0,0.0,2,2720.0,0.2222222222222222,34.0,0
1,1,0,0,0,1820,1719.0,100.0,360.0,1.0,2,3539.0,0.2777777777777778,35.39,1
1,1,1,0,0,7250,1667.0,110.0,360.0,0.0,2,8917.0,0.3055555555555556,81.06363636363636,0
1,1,0,0,0,14880,0.0,96.0,360.0,1.0,1,14880.0,0.26666666666666666,155.0,1
1,1,0,0,0,2666,4300.0,121.0,360.0,1.0,0,6966.0,0.33611111111111114,57.570247933884296,1
0,0,1,1,0,4606,0.0,81.0,360.0,1.0,0,4606.0,0.225,56.864197530864196,0
1,1,2,0,0,5935,0.0,133.0,360.0,1.0,1,5935.0,0.36944444444444446,44.62406015037594,1
1,1,0,0,0,2920,16.12000084,87.0,360.0,1.0,0,2936.12000084,0.24166666666666667,33.74850575678161,1
1,0,0,1,0,2717,0.0,60.0,180.0,1.0,2,2717.0,0.3333333333333333,45.28333333333333,1
0,0,1,0,1,8624,0.0,150.0,360.0,1.0,1,8624.0,0.4166666666666667,57.49333333333333,1
1,0,0,0,0,6500,0.0,105.0,360.0,0.0,0,6500.0,0.2916666666666667,61.904761904761905,0
1,0,0,0,0,12876,0.0,405.0,360.0,1.0,1,12876.0,1.125,31.79259259259259,1
1,1,0,0,0,2425,2340.0,143.0,360.0,1.0,1,4765.0,0.3972222222222222,33.32167832167832,1
1,0,0,0,0,3750,0.0,100.0,360.0,1.0,2,3750.0,0.2777777777777778,37.5,1
0,1,0,0,0,10047,0.0,128.0,240.0,1.0,1,10047.0,0.5333333333333333,78.4921875,1
1,0,0,0,0,1926,1851.0,50.0,360.0,1.0,1,3777.0,0.1388888888888889,75.54,1
1,1,0,0,0,2213,1125.0,128.0,360.0,1.0,2,3338.0,0.35555555555555557,26.078125,1
1,0,0,0,1,10416,0.0,187.0,360.0,0.0,2,10416.0,0.5194444444444445,55.70053475935829,0
0,1,0,1,1,7142,0.0,138.0,360.0,1.0,0,7142.0,0.38333333333333336,51.7536231884058,1
1,0,0,0,0,3660,5064.0,187.0,360.0,1.0,1,8724.0,0.5194444444444445,46.6524064171123,1
1,1,0,0,0,7901,1833.0,180.0,360.0,1.0,0,9734.0,0.5,54.077777777777776,1
1,0,3,1,0,4707,1993.0,148.0,360.0,1.0,1,6700.0,0.4111111111111111,45.270270270270274,1
1,0,1,0,0,37719,0.0,152.0,360.0,1.0,1,37719.0,0.4222222222222222,248.15131578947367,1
1,1,0,0,0,7333,8333.0,175.0,300.0,1.0,0,15666.0,0.5833333333333334,89.52,1
1,1,1,0,1,3466,1210.0,130.0,360.0,1.0,0,4676.0,0.3611111111111111,35.96923076923077,1
1,1,2,1,0,4652,0.0,110.0,360.0,1.0,0,4652.0,0.3055555555555556,42.29090909090909,1
1,1,0,0,0,3539,1376.0,55.0,360.0,1.0,0,4915.0,0.1527777777777778,89.36363636363636,0
1,1,2,0,0,3340,1710.0,150.0,360.0,0.0,0,5050.0,0.4166666666666667,33.666666666666664,0
1,0,1,1,1,2769,1542.0,190.0,360.0,1.0,1,4311.0,0.5277777777777778,22.689473684210526,0
1,1,2,1,0,2309,1255.0,125.0,360.0,0.0,0,3564.0,0.3472222222222222,28.512,0
1,1,2,1,0,1958,1456.0,60.0,300.0,1.0,2,3414.0,0.2,56.9,1
1,1,0,0,0,3948,1733.0,149.0,360.0,0.0,0,5681.0,0.41388888888888886,38.12751677852349,0
1,1,0,0,0,2483,2466.0,90.0,180.0,0.0,0,4949.0,0.5,54.98888888888889,1
1,0,0,0,1,7085,0.0,84.0,360.0,1.0,1,7085.0,0.23333333333333334,84.3452380952381,1
1,1,2,0,0,3859,0.0,96.0,360.0,1.0,1,3859.0,0.26666666666666666,40.197916666666664,1
1,1,0,0,0,4301,0.0,118.0,360.0,1.0,2,4301.0,0.3277777777777778,36.44915254237288,1
1,1,0,0,0,3708,2569.0,173.0,360.0,1.0,2,6277.0,0.48055555555555557,36.283236994219656,0
1,0,2,0,0,4354,0.0,136.0,360.0,1.0,0,4354.0,0.37777777777777777,32.01470588235294,1
1,1,0,0,0,8334,0.0,160.0,360.0,1.0,1,8334.0,0.4444444444444444,52.0875,0
1,1,0,0,1,2083,4083.0,160.0,360.0,1.0,1,6166.0,0.4444444444444444,38.5375,1
1,1,3,0,0,7740,0.0,128.0,180.0,1.0,2,7740.0,0.7111111111111111,60.46875,1
1,1,0,0,0,3015,2188.0,153.0,360.0,1.0,0,5203.0,0.425,34.00653594771242,1
0,0,1,1,0,5191,0.0,132.0,360.0,1.0,1,5191.0,0.36666666666666664,39.32575757575758,1
1,0,0,0,0,4166,0.0,98.0,360.0,0.0,1,4166.0,0.2722222222222222,42.51020408163265,0
1,0,0,0,0,6000,0.0,140.0,360.0,1.0,0,6000.0,0.3888888888888889,42.857142857142854,1
1,1,3,1,0,2947,1664.0,70.0,180.0,0.0,2,4611.0,0.3888888888888889,65.87142857142857,0
1,1,0,0,0,16692,0.0,110.0,360.0,1.0,1,16692.0,0.3055555555555556,151.74545454545455,1
0,1,2,1,0,210,2917.0,98.0,360.0,1.0,1,3127.0,0.2722222222222222,31.908163265306122,1
1,1,0,0,0,4333,2451.0,110.0,360.0,1.0,2,6784.0,0.3055555555555556,61.67272727272727,0
1,1,1,0,1,3450,2079.0,162.0,360.0,1.0,1,5529.0,0.45,34.129629629629626,1
1,1,1,1,0,2653,1500.0,113.0,180.0,0.0,0,4153.0,0.6277777777777778,36.75221238938053,0
1,1,3,0,0,4691,0.0,100.0,360.0,1.0,1,4691.0,0.2777777777777778,46.91,1
0,0,0,0,1,2500,0.0,93.0,360.0,1.0,2,2500.0,0.25833333333333336,26.881720430107528,1
1,0,2,0,0,5532,4648.0,162.0,360.0,1.0,0,10180.0,0.45,62.839506172839506,1
1,1,2,0,1,16525,1014.0,150.0,360.0,1.0,0,17539.0,0.4166666666666667,116.92666666666666,1
1,1,2,0,0,6700,1750.0,230.0,300.0,1.0,1,8450.0,0.7666666666666667,36.73913043478261,1
1,1,2,0,0,2873,1872.0,132.0,360.0,0.0,1,4745.0,0.36666666666666664,35.946969696969695,0
1,1,1,0,1,16667,2250.0,86.0,360.0,1.0,1,18917.0,0.2388888888888889,219.96511627906978,1
1,1,2,0,0,2947,1603.0,128.0,360.0,1.0,2,4550.0,0.35555555555555557,35.546875,0
0,0,0,1,0,4350,0.0,154.0,360.0,1.0,0,4350.0,0.42777777777777776,28.246753246753247,1
1,1,3,1,0,3095,0.0,113.0,360.0,1.0,0,3095.0,0.3138888888888889,27.38938053097345,1
1,1,0,0,0,2083,3150.0,128.0,360.0,1.0,1,5233.0,0.35555555555555557,40.8828125,1
1,1,0,0,0,10833,0.0,234.0,360.0,1.0,1,10833.0,0.65,46.294871794871796,1
1,1,2,0,0,8333,0.0,246.0,360.0,1.0,1,8333.0,0.6833333333333333,33.8739837398374,1
1,1,1,1,0,1958,2436.0,131.0,360.0,1.0,0,4394.0,0.3638888888888889,33.541984732824424,1
1,0,2,0,0,3547,0.0,80.0,360.0,0.0,0,3547.0,0.2222222222222222,44.3375,0
1,1,1,0,0,18333,0.0,500.0,360.0,1.0,2,18333.0,1.3888888888888888,36.666,0
1,1,2,0,1,4583,2083.0,160.0,360.0,1.0,1,6666.0,0.4444444444444444,41.6625,1
1,0,0,0,0,2435,0.0,75.0,360.0,1.0,2,2435.0,0.20833333333333334,32.46666666666667,0
1,0,0,1,0,2699,2785.0,96.0,360.0,1.0,1,5484.0,0.26666666666666666,57.125,1
1,1,1,1,0,5333,1131.0,186.0,360.0,1.0,2,6464.0,0.5166666666666667,34.75268817204301,1
1,0,0,1,0,3691,0.0,110.0,360.0,1.0,0,3691.0,0.3055555555555556,33.554545454545455,1
0,0,0,1,1,17263,0.0,225.0,360.0,1.0,1,17263.0,0.625,76.72444444444444,1
1,1,0,0,0,3597,2157.0,119.0,360.0,0.0,0,5754.0,0.33055555555555555,48.35294117647059,0
0,1,1,0,0,3326,913.0,105.0,84.0,1.0,1,4239.0,1.25,40.371428571428574,1
1,1,0,1,0,2600,1700.0,107.0,360.0,1.0,0,4300.0,0.2972222222222222,40.18691588785047,1
1,1,0,0,0,4625,2857.0,111.0,12.0,1.0,2,7482.0,9.25,67.4054054054054,1
1,1,1,0,1,2895,0.0,95.0,360.0,1.0,1,2895.0,0.2638888888888889,30.473684210526315,1
1,0,0,0,0,6283,4416.0,209.0,360.0,0.0,0,10699.0,0.5805555555555556,51.19138755980861,0
0,0,0,0,0,645,3683.0,113.0,480.0,1.0,0,4328.0,0.23541666666666666,38.30088495575221,1
0,0,0,0,0,3159,0.0,100.0,360.0,1.0,1,3159.0,0.2777777777777778,31.59,1
1,1,2,0,0,4865,5624.0,208.0,360.0,1.0,1,10489.0,0.5777777777777777,50.42788461538461,1
1,1,1,1,0,4050,5302.0,138.0,360.0,1.0,0,9352.0,0.38333333333333336,67.76811594202898,0
1,1,0,1,0,3814,1483.0,124.0,300.0,1.0,1,5297.0,0.41333333333333333,42.71774193548387,1
1,1,2,0,0,3510,4416.0,243.0,360.0,1.0,0,7926.0,0.675,32.617283950617285,1
1,1,0,0,0,20833,6667.0,480.0,360.0,1.0,2,27500.0,1.3333333333333333,57.291666666666664,1
1,0,0,0,0,3583,0.0,96.0,360.0,1.0,2,3583.0,0.26666666666666666,37.322916666666664,0
1,1,0,0,1,2479,3013.0,188.0,360.0,1.0,2,5492.0,0.5222222222222223,29.21276595744681,1
0,0,1,0,0,13262,0.0,40.0,360.0,1.0,2,13262.0,0.1111111111111111,331.55,1
1,0,0,1,0,3598,1287.0,100.0,360.0,1.0,0,4885.0,0.2777777777777778,48.85,0
1,1,1,0,0,6065,2004.0,250.0,360.0,1.0,1,8069.0,0.6944444444444444,32.276,1
1,1,2,0,0,3283,2035.0,148.0,360.0,1.0,2,5318.0,0.4111111111111111,35.932432432432435,1
1,1,0,0,0,2130,6666.0,70.0,180.0,1.0,1,8796.0,0.3888888888888889,125.65714285714286,0
1,0,0,0,0,5815,3666.0,311.0,360.0,1.0,0,9481.0,0.8638888888888889,30.485530546623796,0
1,1,3,0,0,3466,3428.0,150.0,360.0,1.0,0,6894.0,0.4166666666666667,45.96,1
0,1,2,0,0,2031,1632.0,113.0,480.0,1.0,1,3663.0,0.23541666666666666,32.415929203539825,1
1,1,0,1,0,3074,1800.0,123.0,360.0,0.0,1,4874.0,0.3416666666666667,39.6260162601626,0
1,0,0,0,0,4683,1915.0,185.0,360.0,1.0,1,6598.0,0.5138888888888888,35.66486486486487,0
0,0,0,1,0,3400,0.0,95.0,360.0,1.0,0,3400.0,0.2638888888888889,35.78947368421053,0
1,1,2,1,0,2192,1742.0,45.0,360.0,1.0,1,3934.0,0.125,87.42222222222222,1
1,0,0,0,0,2500,0.0,55.0,360.0,1.0,1,2500.0,0.1527777777777778,45.45454545454545,1
1,1,3,0,1,5677,1424.0,100.0,360.0,1.0,0,7101.0,0.2777777777777778,71.01,1
1,1,2,0,1,7948,7166.0,480.0,360.0,1.0,0,15114.0,1.3333333333333333,31.4875,1
1,0,0,0,0,4680,2087.0,128.0,360.0,1.0,1,6767.0,0.35555555555555557,52.8671875,0
1,1,2,0,1,17500,0.0,400.0,360.0,1.0,0,17500.0,1.1111111111111112,43.75,1
1,1,0,0,0,3775,0.0,110.0,360.0,1.0,1,3775.0,0.3055555555555556,34.31818181818182,1
1,1,1,1,0,5285,1430.0,161.0,360.0,0.0,1,6715.0,0.44722222222222224,41.70807453416149,1
1,0,1,1,0,2679,1302.0,94.0,360.0,1.0,1,3981.0,0.2611111111111111,42.351063829787236,1
1,0,0,1,0,6783,0.0,130.0,360.0,1.0,1,6783.0,0.3611111111111111,52.176923076923075,1
1,1,0,0,0,1025,5500.0,216.0,360.0,1.0,0,6525.0,0.6,30.208333333333332,1
1,1,3,0,0,4281,0.0,100.0,360.0,1.0,2,4281.0,0.2777777777777778,42.81,1
1,0,2,0,0,3588,0.0,110.0,360.0,0.0,0,3588.0,0.3055555555555556,32.61818181818182,0
1,0,1,0,0,11250,0.0,196.0,360.0,1.0,1,11250.0,0.5444444444444444,57.39795918367347,0
0,0,0,1,1,18165,0.0,125.0,360.0,1.0,2,18165.0,0.3472222222222222,145.32,1
1,0,0,1,0,2550,2042.0,126.0,360.0,1.0,0,4592.0,0.35,36.44444444444444,1
1,1,0,0,0,6133,3906.0,324.0,360.0,1.0,2,10039.0,0.9,30.984567901234566,1
1,0,2,0,0,3617,0.0,107.0,360.0,1.0,1,3617.0,0.2972222222222222,33.80373831775701,1
1,1,0,1,0,2917,536.0,66.0,360.0,1.0,0,3453.0,0.18333333333333332,52.31818181818182,0
1,1,3,0,0,6417,0.0,157.0,180.0,1.0,0,6417.0,0.8722222222222222,40.87261146496815,1
0,1,1,0,0,4608,2845.0,140.0,180.0,1.0,1,7453.0,0.7777777777777778,53.23571428571429,1
0,0,0,0,0,2138,0.0,99.0,360.0,0.0,1,2138.0,0.275,21.595959595959595,0
0,0,1,0,0,3652,0.0,95.0,360.0,1.0,1,3652.0,0.2638888888888889,38.44210526315789,1
1,1,1,1,0,2239,2524.0,128.0,360.0,1.0,2,4763.0,0.35555555555555557,37.2109375,1
0,1,0,1,0,3017,663.0,102.0,360.0,1.0,1,3680.0,0.2833333333333333,36.07843137254902,1
1,1,0,0,0,2768,1950.0,155.0,360.0,1.0,0,4718.0,0.4305555555555556,30.438709677419354,1
1,0,0,1,0,3358,0.0,80.0,36.0,1.0,1,3358.0,2.2222222222222223,41.975,0
1,0,0,0,0,2526,1783.0,145.0,360.0,1.0,0,4309.0,0.4027777777777778,29.717241379310344,1
0,0,0,0,0,5000,0.0,103.0,360.0,0.0,1,5000.0,0.2861111111111111,48.54368932038835,0
1,1,0,0,0,2785,2016.0,110.0,360.0,1.0,0,4801.0,0.3055555555555556,43.64545454545455,1
1,1,2,0,1,6633,0.0,128.0,360.0,0.0,0,6633.0,0.35555555555555557,51.8203125,0
1,1,1,1,0,2492,2375.0,128.0,360.0,1.0,0,4867.0,0.35555555555555557,38.0234375,1
1,1,1,0,0,3333,3250.0,158.0,360.0,1.0,2,6583.0,0.4388888888888889,41.664556962025316,1
1,1,0,1,0,2454,2333.0,181.0,360.0,0.0,2,4787.0,0.5027777777777778,26.447513812154696,0
1,1,0,0,0,3593,4266.0,132.0,180.0,0.0,0,7859.0,0.7333333333333333,59.53787878787879,0
1,1,1,0,0,5468,1032.0,26.0,360.0,1.0,1,6500.0,0.07222222222222222,250.0,1
0,0,0,0,0,2667,1625.0,84.0,360.0,1.0,2,4292.0,0.23333333333333334,51.095238095238095,1
1,1,3,0,1,10139,0.0,260.0,360.0,1.0,1,10139.0,0.7222222222222222,38.996153846153845,1
1,1,0,0,0,3887,2669.0,162.0,360.0,1.0,1,6556.0,0.45,40.46913580246913,1
0,1,0,0,0,4180,2306.0,182.0,360.0,1.0,1,6486.0,0.5055555555555555,35.637362637362635,1
1,1,2,1,0,3675,242.0,108.0,360.0,1.0,1,3917.0,0.3,36.26851851851852,1
0,1,1,0,1,19484,0.0,600.0,360.0,1.0,1,19484.0,1.6666666666666667,32.473333333333336,1
1,1,0,0,0,5923,2054.0,211.0,360.0,1.0,0,7977.0,0.5861111111111111,37.80568720379147,1
1,0,0,1,1,5800,0.0,132.0,360.0,1.0,1,5800.0,0.36666666666666664,43.93939393939394,1
1,1,2,0,0,8799,0.0,258.0,360.0,0.0,2,8799.0,0.7166666666666667,34.104651162790695,0
1,1,0,1,0,4467,0.0,120.0,360.0,1.0,0,4467.0,0.3333333333333333,37.225,1
1,0,0,0,0,3333,0.0,70.0,360.0,1.0,2,3333.0,0.19444444444444445,47.614285714285714,1
1,1,3,0,0,3400,2500.0,123.0,360.0,0.0,0,5900.0,0.3416666666666667,47.96747967479675,0
0,0,0,0,0,2378,0.0,9.0,360.0,1.0,2,2378.0,0.025,264.22222222222223,0
1,1,0,0,0,3166,2064.0,104.0,360.0,0.0,2,5230.0,0.28888888888888886,50.28846153846154,0
1,1,1,0,0,3417,1750.0,186.0,360.0,1.0,2,5167.0,0.5166666666666667,27.77956989247312,1
1,1,0,0,0,5116,1451.0,165.0,360.0,0.0,2,6567.0,0.4583333333333333,39.8,0
1,1,2,0,0,16666,0.0,275.0,360.0,1.0,2,16666.0,0.7638888888888888,60.60363636363636,1
1,1,2,1,0,6125,1625.0,187.0,480.0,1.0,1,7750.0,0.38958333333333334,41.44385026737968,0
1,1,3,0,0,6406,0.0,150.0,360.0,1.0,1,6406.0,0.4166666666666667,42.70666666666666,0
1,1,2,0,0,3159,461.0,108.0,84.0,1.0,2,3620.0,1.2857142857142858,33.51851851851852,1
1,1,0,0,0,3087,2210.0,136.0,360.0,0.0,1,5297.0,0.37777777777777777,38.9485294117647,0
1,0,0,0,0,3229,2739.0,110.0,360.0,1.0,2,5968.0,0.3055555555555556,54.25454545454546,1
1,1,1,0,0,1782,2232.0,107.0,360.0,1.0,0,4014.0,0.2972222222222222,37.51401869158879,1
1,0,0,0,0,3182,2917.0,161.0,360.0,1.0,2,6099.0,0.44722222222222224,37.88198757763975,1
1,1,2,0,0,6540,0.0,205.0,360.0,1.0,1,6540.0,0.5694444444444444,31.902439024390244,1
1,0,0,0,0,1836,33837.0,90.0,360.0,1.0,2,35673.0,0.25,396.3666666666667,0
0,1,0,0,0,3166,0.0,36.0,360.0,1.0,1,3166.0,0.1,87.94444444444444,1
1,1,1,0,0,1880,0.0,61.0,360.0,1.0,0,1880.0,0.16944444444444445,30.81967213114754,0
1,1,1,0,0,2787,1917.0,146.0,360.0,0.0,0,4704.0,0.40555555555555556,32.21917808219178,0
1,1,1,0,0,4283,3000.0,172.0,84.0,1.0,0,7283.0,2.0476190476190474,42.343023255813954,0
1,1,0,0,0,2297,1522.0,104.0,360.0,1.0,2,3819.0,0.28888888888888886,36.72115384615385,1
0,0,0,1,0,2165,0.0,70.0,360.0,1.0,1,2165.0,0.19444444444444445,30.928571428571427,1
1,0,0,0,0,4750,0.0,94.0,360.0,1.0,1,4750.0,0.2611111111111111,50.53191489361702,1
1,1,2,0,1,2726,0.0,106.0,360.0,0.0,1,2726.0,0.29444444444444445,25.71698113207547,0
1,1,0,0,0,3000,3416.0,56.0,180.0,1.0,1,6416.0,0.3111111111111111,114.57142857142857,1
1,1,2,0,1,6000,0.0,205.0,240.0,1.0,1,6000.0,0.8541666666666666,29.26829268292683,0
1,0,3,0,1,9357,0.0,292.0,360.0,1.0,1,9357.0,0.8111111111111111,32.044520547945204,1
1,1,0,0,0,3859,3300.0,142.0,180.0,1.0,0,7159.0,0.7888888888888889,50.41549295774648,1
1,1,0,0,1,16120,0.0,260.0,360.0,1.0,2,16120.0,0.7222222222222222,62.0,1
1,0,0,1,0,3833,0.0,110.0,360.0,1.0,0,3833.0,0.3055555555555556,34.845454545454544,1
1,1,2,1,1,6383,1000.0,187.0,360.0,1.0,0,7383.0,0.5194444444444445,39.481283422459896,0
1,0,0,0,0,2987,0.0,88.0,360.0,0.0,1,2987.0,0.24444444444444444,33.94318181818182,0
1,1,0,0,1,9963,0.0,180.0,360.0,1.0,0,9963.0,0.5,55.35,1
1,1,2,0,0,5780,0.0,192.0,360.0,1.0,2,5780.0,0.5333333333333333,30.104166666666668,1
0,0,3,0,0,416,41667.0,350.0,180.0,1.0,2,42083.0,1.9444444444444444,120.23714285714286,0
1,1,0,1,0,2894,2792.0,155.0,360.0,1.0,0,5686.0,0.4305555555555556,36.68387096774194,1
1,1,3,0,0,5703,0.0,128.0,360.0,1.0,2,5703.0,0.35555555555555557,44.5546875,1
1,0,0,0,0,3676,4301.0,172.0,360.0,1.0,0,7977.0,0.4777777777777778,46.377906976744185,1
0,1,1,0,0,12000,0.0,496.0,360.0,1.0,1,12000.0,1.3777777777777778,24.193548387096776,1
1,1,0,1,0,2400,3800.0,128.0,180.0,1.0,2,6200.0,0.7111111111111111,48.4375,0
1,1,1,0,0,3400,2500.0,173.0,360.0,1.0,1,5900.0,0.48055555555555557,34.104046242774565,1
1,1,2,1,0,3987,1411.0,157.0,360.0,1.0,0,5398.0,0.4361111111111111,34.382165605095544,1
1,1,0,0,0,3232,1950.0,108.0,360.0,1.0,0,5182.0,0.3,47.98148148148148,1
0,0,0,0,0,2900,0.0,71.0,360.0,1.0,0,2900.0,0.19722222222222222,40.84507042253521,1
1,1,3,0,0,4106,0.0,40.0,180.0,1.0,0,4106.0,0.2222222222222222,102.65,1
1,1,1,0,0,8072,240.0,253.0,360.0,1.0,2,8312.0,0.7027777777777777,32.85375494071146,1
1,1,2,0,0,7583,0.0,187.0,360.0,1.0,2,7583.0,0.5194444444444445,40.55080213903744,1
0,0,0,0,1,4583,0.0,133.0,360.0,0.0,1,4583.0,0.36944444444444446,34.45864661654135,0
